Club,Club icon link,Player Name,Jersey no.,Nationality,Flag Image URL,Jersey Photo URL,Position,Rating,Goals,Assists,Matches,Minutes,Shots,Performance,Performance%
Real Madrid,https://i.ibb.co/gLCGmTnw/real-madrid-logo-footylogos.png,Thibaut Courtois,1,Belgium,https://flagcdn.com/w320/be.png,https://i.ibb.co/cK6z1Krs/COURTOIS-CARITA-1500-X2000-1.webp,GK,8.8,0,0,22,1980,0,World Class,88
Real Madrid,https://i.ibb.co/gLCGmTnw/real-madrid-logo-footylogos.png,Dean Huijsen,4,Spain,https://flagcdn.com/w320/es.png,https://i.ibb.co/1J0h80Nz/HUIJSEN-CARITA-1500-X2000.webp,RB,8.2,2,4,19,1620,11,Outstanding,82
Real Madrid,https://i.ibb.co/gLCGmTnw/real-madrid-logo-footylogos.png,Eder Militao,3,Brazil,https://flagcdn.com/w320/br.png,https://i.ibb.co/4wgSNJMB/MILITAO-CARITA-1500-X2000.webp,CB,8.4,3,1,24,2110,14,Dominant,84
Real Madrid,https://i.ibb.co/gLCGmTnw/real-madrid-logo-footylogos.png,Antonio Rudiger,22,Germany,https://flagcdn.com/w320/de.png,https://i.ibb.co/zhZzgQHs/RUDIGER-CARITA-1500-X2000.webp,CB,8.3,1,0,20,1750,8,Solid,83
Real Madrid,https://i.ibb.co/gLCGmTnw/real-madrid-logo-footylogos.png,Ferland Mendy,23,France,https://flagcdn.com/w320/fr.png,https://i.ibb.co/Vczh7Gyq/MENDY-CARITA-1500-X2000.webp,LB,7.9,0,2,18,1490,6,Reliable,79
Real Madrid,https://i.ibb.co/gLCGmTnw/real-madrid-logo-footylogos.png,Fede Valverde ©,8,Uruguay,https://flagcdn.com/w320/uy.png,https://i.ibb.co/DHcKNYPz/VALVERDE-CARITA-1500-X2000.webp,CM,8.7,5,6,25,2180,38,Exceptional,87
Real Madrid,https://i.ibb.co/gLCGmTnw/real-madrid-logo-footylogos.png,Aurelien Tchouameni,14,France,https://flagcdn.com/w320/fr.png,https://i.ibb.co/BV30hKGx/TCHOUAMENI-CARITA-1500-X2000.webp,CM,8.2,2,2,22,1850,19,Strong,82
Real Madrid,https://i.ibb.co/gLCGmTnw/real-madrid-logo-footylogos.png,Jude Bellingham,5,England,https://flagcdn.com/w320/gb-eng.png,https://i.ibb.co/tTcZJzcg/BELLINGHAM-CARITA-1500-X2000.webp,AM,9.1,12,8,23,1990,54,Elite,91
Real Madrid,https://i.ibb.co/gLCGmTnw/real-madrid-logo-footylogos.png,Vinicius Junior,7,Brazil,https://flagcdn.com/w320/br.png,https://i.ibb.co/BHQMN01F/VINI-CARITA-1500-X2000.webp,LW,8.5,9,7,24,1820,45,Dynamic,85
Real Madrid,https://i.ibb.co/gLCGmTnw/real-madrid-logo-footylogos.png,Rodrygo,11,Brazil,https://flagcdn.com/w320/br.png,https://i.ibb.co/sdb51J52/RODRYGO-CARITA-1500-X2000.webp,RW,9.3,16,10,24,2040,68,World Class,93
Real Madrid,https://i.ibb.co/gLCGmTnw/real-madrid-logo-footylogos.png,Kylian Mbappe,10,France,https://flagcdn.com/w320/fr.png,https://i.ibb.co/Rp2s2wPL/MBAPPE-CARITA-1500-X2000.webp,ST,9.4,21,6,25,2150,88,World Class,94
Barcelona,https://i.ibb.co/1tKnCxh7/fc-barcelona-logo-footylogos.png,Joan Garcia,13,Spain,https://flagcdn.com/w320/es.png,https://i.ibb.co/2YcYf4mw/01-Joan-Garcia.webp,GK,8.6,0,0,21,1890,0,High Class,86
Barcelona,https://i.ibb.co/1tKnCxh7/fc-barcelona-logo-footylogos.png,Jules Kounde,23,France,https://flagcdn.com/w320/fr.png,https://i.ibb.co/PZ59jnpF/23-Kounde.webp,RB,8.3,2,4,23,1960,12,Consistent,83
Barcelona,https://i.ibb.co/1tKnCxh7/fc-barcelona-logo-footylogos.png,Pablo Gavi,6,Spain,https://flagcdn.com/w320/es.png,https://i.ibb.co/NgcF8m0y/06-Gavi.webp,CB,8.4,1,2,22,1870,7,Promising,84
Barcelona,https://i.ibb.co/1tKnCxh7/fc-barcelona-logo-footylogos.png,Pau Cubarsi,5,Spain,https://flagcdn.com/w320/es.png,https://i.ibb.co/NgpVcyCn/02-Cubarsi.webp,CB,8.5,2,0,18,1540,10,Rock Solid,85
Barcelona,https://i.ibb.co/1tKnCxh7/fc-barcelona-logo-footylogos.png,Karim Adeyemi,7,Germany,https://flagcdn.com/w320/de.png,https://i.ibb.co/67pn605c/00-Adeyemi.webp,LB,8.1,1,5,20,1650,14,Rapid,81
Barcelona,https://i.ibb.co/1tKnCxh7/fc-barcelona-logo-footylogos.png,Pedri,8,Spain,https://flagcdn.com/w320/es.png,https://i.ibb.co/rG6Gdq42/08-Pedri.webp,CM,8.6,3,5,20,1690,21,Orchestrator,86
Barcelona,https://i.ibb.co/1tKnCxh7/fc-barcelona-logo-footylogos.png,Frenkie de Jong,21,Netherlands,https://flagcdn.com/w320/nl.png,https://i.ibb.co/nNHP3M0N/21-De-Jong.webp,CM,9,5,8,22,1810,31,Magician,90
Barcelona,https://i.ibb.co/1tKnCxh7/fc-barcelona-logo-footylogos.png,Dani Olmo,20,Spain,https://flagcdn.com/w320/es.png,https://i.ibb.co/pBxz5v93/20-Olmo.webp,AM,8.6,8,6,19,1450,42,Lethal,86
Barcelona,https://i.ibb.co/1tKnCxh7/fc-barcelona-logo-footylogos.png,Lamine Yamal,10,Spain,https://flagcdn.com/w320/es.png,https://i.ibb.co/mVtYhTmP/10-Lamine.webp,RW,9.3,11,12,24,1980,62,Superb,93
Barcelona,https://i.ibb.co/1tKnCxh7/fc-barcelona-logo-footylogos.png,Raphinha ©,11,Brazil,https://flagcdn.com/w320/br.png,https://i.ibb.co/JFWzyVHk/11-Raphinha.webp,LW,8.9,13,9,23,1890,58,Outstanding,89
Barcelona,https://i.ibb.co/1tKnCxh7/fc-barcelona-logo-footylogos.png,Roony Bardghji,19,Poland,https://flagcdn.com/w320/se.png,https://i.ibb.co/5WjX3BRd/28-Bardghji-1.webp,ST,8.8,18,4,24,1930,74,Clinical,88
Manchester United,https://i.ibb.co/Fqmg0KZ8/manchester-united-logo-footylogos.png,Senne Lammens,1,Belgium,https://flagcdn.com/w320/be.png,https://i.ibb.co/7x4Nz5Lk/sane.webp,GK,8,0,0,32,1810,0,World Class,80
Manchester United,https://i.ibb.co/Fqmg0KZ8/manchester-united-logo-footylogos.png,Diogo Dalot,2,Portugal,https://flagcdn.com/w320/pt.png,https://i.ibb.co/4R7jVCsT/Dalot.webp,RB,8.9,2,0,24,1450,12,Outstanding,89
Manchester United,https://i.ibb.co/Fqmg0KZ8/manchester-united-logo-footylogos.png,Noussair Mazraoui,3,Morocco,https://flagcdn.com/w320/ma.png,https://i.ibb.co/wZdWcv9y/nsr.webp,LB,8.7,3,0,23,1980,7,Dominant,87
Manchester United,https://i.ibb.co/Fqmg0KZ8/manchester-united-logo-footylogos.png,Matthijs de Ligt,4,Netherlands,https://flagcdn.com/w320/nl.png,https://i.ibb.co/zWmv8qyL/de-light.webp,CB,7.8,1,0,21,1890,10,Solid,78
Manchester United,https://i.ibb.co/Fqmg0KZ8/manchester-united-logo-footylogos.png,Bruno Fernandes,8,Portugal,https://flagcdn.com/w320/pt.png,https://i.ibb.co/SwzV9W2t/bruno.webp,AM,9.4,0,1,23,1930,14,Reliable,94
Manchester United,https://i.ibb.co/Fqmg0KZ8/manchester-united-logo-footylogos.png,Andrey Santos,17,Brazil,https://flagcdn.com/w320/br.png,https://i.ibb.co/Ps2D6pNf/andrey.webp,CM,6.62,5,0,22,1980,21,Exceptional,66.2
Manchester United,https://i.ibb.co/Fqmg0KZ8/manchester-united-logo-footylogos.png,Kobbie Mainoo,37,England,https://flagcdn.com/w320/gb-eng.png,https://i.ibb.co/2Yh7LRp2/kobbie.webp,CM,7.25,2,2,18,1940,31,Strong,72.5
Manchester United,https://i.ibb.co/Fqmg0KZ8/manchester-united-logo-footylogos.png,Tyler Fletcher,39,Scotland,https://flagcdn.com/w320/gb-sct.png,https://i.ibb.co/MyncXFRn/tyler.webp,CM,9.2,12,1,20,1720,42,Elite,92
Manchester United,https://i.ibb.co/Fqmg0KZ8/manchester-united-logo-footylogos.png,Jack Fletcher,38,England,https://flagcdn.com/w320/gb-eng.png,https://i.ibb.co/gM1JYVCb/jack.webp,CM,8.8,1,2,20,2160,62,Dynamic,88
Manchester United,https://i.ibb.co/Fqmg0KZ8/manchester-united-logo-footylogos.png,Joshua Zirkzee,11,Netherlands,https://flagcdn.com/w320/nl.png,https://i.ibb.co/3y4JHS5f/joshua.webp,ST,8.4,0,1,22,1710,58,World Class,84
Manchester United,https://i.ibb.co/Fqmg0KZ8/manchester-united-logo-footylogos.png,Amad Diallo,16,Ivory Coast,https://flagcdn.com/w320/ci.png,https://i.ibb.co/5hyXTPR9/amad.webp,RW,8.4,5,3,19,1880,74,World Class,84
Manchester City,https://i.ibb.co/RTDfBLPZ/manchester-city-logo-footylogos.png,,,,,,,,,,,,,,
Chelsea,https://i.ibb.co/3yYZdKdh/chelsea-logo-footylogos.png,,,,,,,,,,,,,,
Arsenal,https://i.ibb.co/zTPCw5nh/arsenal-logo-footylogos.png,,,,,,,,,,,,,,
Liverpool,https://i.ibb.co/TDnRnsH2/liverpool-fc-logo-footylogos.png,Alisson Becker,,,,,,,,,,,,,
Atlético Madrid,"https://i.ibb.co/2Y17LJB3/atletico-madrid-logo-footylogos.png""",,,,,,,,,,,,,,
